{"AH":{"1":0.0289788391,"2":0.0386107406,"3":0.0161739443,"4":0.0,"5":0.0109931575,"6":0.0,"7":0.0,"8":0.0060143953,"9":0.0065482404,"10":0.0100024408,"11":0.0269741399,"12":0.0205111703,"13":0.0155818036,"14":0.0052742256,"15":0.0,"16":0.0,"17":0.0074394812,"18":0.0,"19":0.0,"20":0.0,"21":0.0,"22":0.0,"23":0.0,"24":0.0,"25":0.0,"26":0.0,"27":0.0,"28":0.0},"AMARILLOS":{"1":0.0,"2":0.0,"3":0.0,"4":0.028137439,"5":0.0160804063,"6":0.0106930942,"7":0.0053064371,"8":0.0,"9":0.0,"10":0.0,"11":0.0,"12":0.0,"13":0.0,"14":0.0,"15":0.0039680991,"16":0.0073164447,"17":0.0129420495,"18":0.0067509272,"19":0.0152195302,"20":0.01390214,"21":0.0053865106,"22":0.0239541796,"23":0.0385233409,"24":0.0182949422,"25":0.021379888,"26":0.0276574321,"27":0.0,"28":0.0},"DEMOCRATAS":{"1":0.06657206,"2":0.0509812116,"3":0.0461853079,"4":0.0135693906,"5":0.0411751445,"6":0.0163031984,"7":0.0097602451,"8":0.0250846032,"9":0.0392066146,"10":0.013804895,"11":0.01237596,"12":0.0318933025,"13":0.0323354717,"14":0.0130506674,"15":0.0238881594,"16":0.0395028507,"17":0.040083677,"18":0.0204947701,"19":0.0212877492,"20":0.0345522727,"21":0.0794082992,"22":0.0585863824,"23":0.0268361749,"24":0.0,"25":0.0,"26":0.0,"27":0.0299076478,"28":0.0},"EVOPOLI":{"1":0.0034461222,"2":0.0099946133,"3":0.0493659487,"4":0.0,"5":0.0153601386,"6":0.0061203422,"7":0.0241831944,"8":0.0179954277,"9":0.0191505274,"10":0.034633427,"11":0.0982328882,"12":0.0235690256,"13":0.0206745993,"14":0.0244822717,"15":0.0050450098,"16":0.0192709024,"17":0.0533821066,"18":0.0164854618,"19":0.0265001816,"20":0.0252615994,"21":0.0145247475,"22":0.0633966452,"23":0.0266620981,"24":0.0260226128,"25":0.0162578157,"26":0.0103466572,"27":0.025416023,"28":0.0457006141},"FA":{"1":0.0311814009,"2":0.0499025098,"3":0.0583070505,"4":0.0489998623,"5":0.0683843555,"6":0.0817188664,"7":0.1416482181,"8":0.178598974,"9":0.0997671814,"10":0.2023685539,"11":0.0889491926,"12":0.0770210832,"13":0.1185438258,"14":0.0839217972,"15":0.0707923073,"16":0.0654963132,"17":0.0458903365,"18":0.0613392547,"19":0.0311982943,"20":0.0557191733,"21":0.0454349995,"22":0.0555794403,"23":0.0744264723,"24":0.0938551726,"25":0.0640102612,"26":0.0854664298,"27":0.0,"28":0.1074030631},"FREVS":{"1":0.0417544365,"2":0.0479025016,"3":0.0869810319,"4":0.12349767,"5":0.026990456,"6":0.0331302794,"7":0.0155336265,"8":0.0225177174,"9":0.0257455533,"10":0.0238357795,"11":0.0135604077,"12":0.0219075543,"13":0.0321382039,"14":0.0242411346,"15":0.0385827957,"16":0.0437665617,"17":0.0338505481,"18":0.0100232708,"19":0.0125311265,"20":0.0549042922,"21":0.0115184,"22":0.009404296,"23":0.0343683417,"24":0.0192324858,"25":0.020117145,"26":0.0335452872,"27":0.0251284495,"28":0.0},"IGUALDAD":{"1":0.0067875366,"2":0.0050077092,"3":0.0032256406,"4":0.0190950394,"5":0.0023786029,"6":0.007456201,"7":0.0074959486,"8":0.0037908916,"9":0.0013890102,"10":0.0024907238,"11":0.0024485028,"12":0.0044028841,"13":0.0042628621,"14":0.0,"15":0.0,"16":0.0,"17":0.0,"18":0.0,"19":0.0,"20":0.0302888431,"21":0.0123734542,"22":0.0,"23":0.0,"24":0.0,"25":0.0,"26":0.0,"27":0.0,"28":0.0},"IND":{"1":0.0,"2":0.0007191345,"3":0.0,"4":0.0009072857,"5":0.0086857216,"6":0.0170755572,"7":0.0014289763,"8":0.0029368995,"9":0.0,"10":0.00343998,"11":0.0052181962,"12":0.0140246938,"13":0.0123409764,"14":0.0151602357,"15":0.0045686352,"16":0.020062947,"17":0.0040607307,"18":0.0093048676,"19":0.0135032472,"20":0.0099209128,"21":0.007553117,"22":0.0110775411,"23":0.0239887205,"24":0.0037565957,"25":0.037324151,"26":0.0055099052,"27":0.0,"28":0.1878318176},"PAVP":{"1":0.0,"2":0.0,"3":0.0,"4":0.0,"5":0.0,"6":0.0,"7":0.0,"8":0.0379199253,"9":0.0362185792,"10":0.0436816684,"11":0.0300922882,"12":0.0583824447,"13":0.0388171262,"14":0.0343990718,"15":0.0316363417,"16":0.009927633,"17":0.0078856053,"18":0.0019276578,"19":0.018198534,"20":0.0,"21":0.0,"22":0.0,"23":0.0,"24":0.0,"25":0.0,"26":0.0,"27":0.0,"28":0.0},"PCCH":{"1":0.0622001966,"2":0.0402104758,"3":0.0716371102,"4":0.09445938,"5":0.1032366194,"6":0.0745101841,"7":0.0867565012,"8":0.0918225202,"9":0.1335591515,"10":0.1217363949,"11":0.0336042171,"12":0.1299385134,"13":0.1330303238,"14":0.0657718886,"15":0.0582251397,"16":0.0416421446,"17":0.0431980164,"18":0.0520309498,"19":0.0418567695,"20":0.0647443171,"21":0.0499056171,"22":0.0130413446,"23":0.0315397915,"24":0.045894683,"25":0.0281806405,"26":0.0369278267,"27":0.072364457,"28":0.0752595333},"PDC":{"1":0.052935394,"2":0.0758944745,"3":0.0596043781,"4":0.0246897533,"5":0.0844700158,"6":0.0594759378,"7":0.056532364,"8":0.0514385898,"9":0.0383204621,"10":0.0408171253,"11":0.0375920648,"12":0.0316872884,"13":0.0389171692,"14":0.0461754624,"15":0.0489490112,"16":0.0800101877,"17":0.0749366137,"18":0.0632950987,"19":0.0579457449,"20":0.0731172131,"21":0.0856407589,"22":0.075359376,"23":0.0498178496,"24":0.0714305438,"25":0.1256770535,"26":0.0706503477,"27":0.1080290531,"28":0.0595523365},"PDG":{"1":0.0647279688,"2":0.0768741257,"3":0.0774999332,"4":0.0334601817,"5":0.0522776794,"6":0.0198461387,"7":0.0423559677,"8":0.0385407805,"9":0.0410815011,"10":0.0156819329,"11":0.0027902855,"12":0.0297274825,"13":0.0089094569,"14":0.0368665351,"15":0.0356784309,"16":0.0181259785,"17":0.0254717216,"18":0.0113713938,"19":0.0239992313,"20":0.0358281861,"21":0.0403547523,"22":0.0175551364,"23":0.0316335251,"24":0.0116069175,"25":0.0468686676,"26":0.0278961667,"27":0.0,"28":0.0220325929},"PH":{"1":0.0537213193,"2":0.0078503259,"3":0.0030884161,"4":0.007416149,"5":0.0023786029,"6":0.007456201,"7":0.0074959486,"8":0.0255632256,"9":0.0224061067,"10":0.0101814494,"11":0.0092404407,"12":0.0481897919,"13":0.014835474,"14":0.0130506674,"15":0.0,"16":0.0,"17":0.0,"18":0.0,"19":0.0,"20":0.0005003806,"21":0.0007168218,"22":0.0,"23":0.0,"24":0.0,"25":0.0,"26":0.0,"27":0.0,"28":0.0},"PL":{"1":0.0487760261,"2":0.0246527462,"3":0.026758031,"4":0.0201250124,"5":0.0147272774,"6":0.0218339482,"7":0.0146377912,"8":0.0351535266,"9":0.0093792843,"10":0.0188131656,"11":0.0087753356,"12":0.0206429719,"13":0.0100418677,"14":0.0160010145,"15":0.0060854322,"16":0.0075860136,"17":0.0014240371,"18":0.0,"19":0.0148578109,"20":0.0120394321,"21":0.009271089,"22":0.0218332718,"23":0.0212633561,"24":0.0,"25":0.0241983075,"26":0.0367684839,"27":0.0,"28":0.0},"POPULAR":{"1":0.0133379405,"2":0.0136305394,"3":0.001834852,"4":0.016083623,"5":0.0023786029,"6":0.0169841142,"7":0.0228262284,"8":0.0037908916,"9":0.0013890102,"10":0.0024907238,"11":0.0024485028,"12":0.0044028841,"13":0.0042628621,"14":0.0,"15":0.0,"16":0.0,"17":0.0,"18":0.0,"19":0.0,"20":0.0005003806,"21":0.0007168218,"22":0.0,"23":0.0,"24":0.0,"25":0.0,"26":0.0,"27":0.0,"28":0.0},"PPD":{"1":0.0209428147,"2":0.0454180953,"3":0.0307612769,"4":0.0513922653,"5":0.0367073831,"6":0.0490453236,"7":0.0358762241,"8":0.0269342251,"9":0.0550197747,"10":0.0280225877,"11":0.0270331552,"12":0.0321984646,"13":0.0259599659,"14":0.0378228524,"15":0.1068832583,"16":0.0275894531,"17":0.0320975732,"18":0.0761734205,"19":0.0465351007,"20":0.029824762,"21":0.0292187677,"22":0.0939500493,"23":0.0573055126,"24":0.093504557,"25":0.0388243692,"26":0.0524349532,"27":0.0685630087,"28":0.0337938764},"PR":{"1":0.0400600161,"2":0.0579066129,"3":0.0625424654,"4":0.0592116524,"5":0.041373839,"6":0.051717879,"7":0.0438451949,"8":0.0354197669,"9":0.0346711913,"10":0.0155278023,"11":0.0112840041,"12":0.0243708183,"13":0.0419001393,"14":0.045838907,"15":0.0725680696,"16":0.0860085417,"17":0.1171637632,"18":0.0580126013,"19":0.0870975931,"20":0.0440132965,"21":0.0868422218,"22":0.056916516,"23":0.057978583,"24":0.0403130882,"25":0.0315963033,"26":0.0358387049,"27":0.0747307764,"28":0.0339747618},"PS":{"1":0.0563168437,"2":0.040465565,"3":0.0531229324,"4":0.1125060003,"5":0.0818134316,"6":0.0694842862,"7":0.0461271967,"8":0.0449584415,"9":0.0676199823,"10":0.0569996178,"11":0.0353177319,"12":0.052172039,"13":0.1065659161,"14":0.1128917791,"15":0.0746580365,"16":0.1018452675,"17":0.0540996878,"18":0.0494419486,"19":0.0749371348,"20":0.0529638405,