{"AH":{"1":0.0374938643,"2":0.0157934068,"3":0.0,"4":0.0103588738,"5":0.0,"6":0.0,"7":0.0050396068,"8":0.0,"9":0.0,"10":0.0,"11":0.0,"12":0.0,"13":0.011918077,"14":0.0,"15":0.0290882925,"16":0.0},"AMARILLOS":{"1":0.0,"2":0.0,"3":0.0279829802,"4":0.0155983168,"5":0.0082520352,"6":0.0056083914,"7":0.011175402,"8":0.0111272134,"9":0.0309609352,"10":0.0238521491,"11":0.0,"12":0.0,"13":0.0,"14":0.0172208974,"15":0.0,"16":0.017374351},"DEMOCRATAS":{"1":0.0511228899,"2":0.0468589519,"3":0.0138523037,"4":0.039747853,"5":0.0134765985,"6":0.0302989165,"7":0.0348339395,"8":0.0564385877,"9":0.0350019601,"10":0.0,"11":0.032573024,"12":0.0,"13":0.0234949242,"14":0.0,"15":0.067132222,"16":0.0251149085},"EVOPOLI":{"1":0.00995494,"2":0.0477947321,"3":0.0,"4":0.0146909873,"5":0.0138275546,"6":0.0113865445,"7":0.0388602007,"8":0.0226198682,"9":0.0423206545,"10":0.0122428945,"11":0.0259060308,"12":0.0481477638,"13":0.0333097292,"14":0.024842843,"15":0.0034040276,"16":0.030787699},"FA":{"1":0.0480065377,"2":0.0561372379,"3":0.0485448512,"4":0.0657727548,"5":0.1081599378,"6":0.0667250313,"7":0.0525102863,"8":0.0555973296,"9":0.0631745909,"10":0.0717095516,"11":0.0,"12":0.1037252257,"13":0.1398571228,"14":0.0863855811,"15":0.0316251695,"16":0.0359464743},"FREVS":{"1":0.0471438564,"2":0.0926842018,"3":0.1115702963,"4":0.0254509914,"5":0.02529453,"6":0.040242215,"7":0.0267173126,"8":0.0404539752,"9":0.02659537,"10":0.0257124433,"11":0.0243685405,"12":0.0,"13":0.0231410804,"14":0.0179158414,"15":0.0417044123,"16":0.0146270836},"IGUALDAD":{"1":0.0049487139,"2":0.0031685963,"3":0.0187697913,"4":0.0022533029,"5":0.0076867751,"6":0.0,"7":0.0,"8":0.0248305588,"9":0.0,"10":0.0,"11":0.0,"12":0.0,"13":0.0027457873,"14":0.0,"15":0.0067428652,"16":0.0},"IND":{"1":0.0007021824,"2":0.0,"3":0.0009300777,"4":0.0080412842,"5":0.0099815025,"6":0.0112847964,"7":0.0060763752,"8":0.0099417399,"9":0.0202521789,"10":0.0192183914,"11":0.0,"12":0.1897044535,"13":0.0073565584,"14":0.0036087223,"15":0.0,"16":0.0156811872},"PAVP":{"1":0.0,"2":0.0,"3":0.0,"4":0.0,"5":0.0,"6":0.0214027535,"7":0.0058066428,"8":0.0,"9":0.0,"10":0.0,"11":0.0,"12":0.0,"13":0.0406663312,"14":0.0,"15":0.0,"16":0.0210373741},"PCCH":{"1":0.0355772407,"2":0.0724114193,"3":0.0965862897,"4":0.0997558195,"5":0.0872141036,"6":0.0506104618,"7":0.0475407015,"8":0.0589858877,"9":0.0259436004,"10":0.0310898941,"11":0.0699952651,"12":0.07372532,"13":0.0984138141,"14":0.0447743333,"15":0.0630898239,"16":0.0481551325},"PDC":{"1":0.0735659764,"2":0.0598855123,"3":0.0273702997,"4":0.0810670719,"5":0.0596473044,"6":0.0629396731,"7":0.0733704121,"8":0.0787092878,"9":0.0651936245,"10":0.0844287372,"11":0.1069140801,"12":0.0587885706,"13":0.0411533177,"14":0.0666635088,"15":0.0526508058,"16":0.0597806017},"PDG":{"1":0.0735392266,"2":0.0768458834,"3":0.0345559627,"4":0.0496897194,"5":0.0315531195,"6":0.0269251759,"7":0.0211609242,"8":0.0401431908,"9":0.0274079308,"10":0.034448186,"11":0.0,"12":0.0222060807,"13":0.0262838745,"14":0.0110411943,"15":0.0633056891,"16":0.0274141419},"PH":{"1":0.0078376929,"2":0.0030728831,"3":0.0073226815,"4":0.0022533029,"5":0.0076867751,"6":0.0,"7":0.0,"8":0.0006240452,"9":0.0,"10":0.0,"11":0.0,"12":0.0,"13":0.0185721964,"14":0.0,"15":0.0533383763,"16":0.0},"PL":{"1":0.0237244021,"2":0.0334635278,"3":0.0182243191,"4":0.0138560386,"5":0.0185409097,"6":0.0065728226,"7":0.0010113731,"8":0.0119120457,"9":0.0214180505,"10":0.0296461651,"11":0.0,"12":0.0,"13":0.0187150968,"14":0.0,"15":0.050348244,"16":0.0169364271},"POPULAR":{"1":0.0132612159,"2":0.0017660304,"3":0.0163112643,"4":0.0022533029,"5":0.0204374808,"6":0.0,"7":0.0,"8":0.0006240452,"9":0.0,"10":0.0,"11":0.0,"12":0.0,"13":0.0027457873,"14":0.0,"15":0.0134955705,"16":0.0},"PPD":{"1":0.049611526,"2":0.0300554032,"3":0.0463061608,"4":0.0348096079,"5":0.0481557773,"6":0.0879770669,"7":0.04862185,"8":0.0318194047,"9":0.0682266114,"10":0.0406439116,"11":0.0750948346,"12":0.0334581679,"13":0.0322832995,"14":0.0884461054,"15":0.0209573712,"16":0.0542121042},"PR":{"1":0.0576592048,"2":0.0627149405,"3":0.0604420406,"4":0.039059067,"5":0.0471086188,"6":0.0767377036,"7":0.088764389,"8":0.0648448015,"9":0.0580236218,"10":0.0315804345,"11":0.0739165456,"12":0.0341279349,"13":0.0277906793,"14":0.0377239246,"15":0.0393538805,"16":0.100679394},"PS":{"1":0.0356829025,"2":0.0532371293,"3":0.1152021521,"4":0.0784786376,"5":0.0533291437,"6":0.0856338666,"7":0.0599523358,"8":0.0609595543,"9":0.0486770208,"10":0.094142529,"11":0.0971557791,"12":0.100502797,"13":0.0638932736,"14":0.2272254722,"15":0.0636617743,"16":0.0876523555},"PSC":{"1":0.0487234324,"2":0.058233356,"3":0.0329910908,"4":0.0349254173,"5":0.0312676346,"6":0.0153351351,"7":0.0332480907,"8":0.0839853703,"9":0.0477889041,"10":0.0301321579,"11":0.0233263126,"12":0.0344769685,"13":0.0247338342,"14":0.0139649449,"15":0.0301620834,"16":0.0374422265},"PTR":{"1":0.0,"2":0.0,"3":0.0,"4":0.0,"5":0.0,"6":0.0,"7":0.0,"8":0.0,"9":0.0,"10":0.0,"11":0.0,"12":0.0,"13":0.0,"14":0.0,"15":0.0,"16":0.0},"REPUBLICANO":{"1":0.1753610221,"2":0.1384255186,"3":0.1000412356,"4":0.1054202085,"5":0.1749017314,"6":0.1378440054,"7":0.1155872276,"8":0.1469399942,"9":0.1425979792,"10":0.1309915738,"11":0.0910820122,"12":0.1264105201,"13":0.1538706424,"14":0.1293424646,"15":0.1900203873,"16":0.1131977383},"RN":{"1":0.1199675257,"2":0.0926518066,"3":0.1540442769,"4":0.1074800287,"5":0.1506701567,"6":0.1296968068,"7":0.1679155555,"8":0.0894438198,"9":0.1741421191,"10":0.1380853098,"11":0.1788250853,"12":0.1082702086,"13":0.1166579746,"14":0.1465727111,"15":0.1033551351,"16":0.1147445728},"UDI":{"1":0.0861156474,"2":0.0547994625,"3":0.068951926,"4":0.1690374135,"5":0.0828083108,"6":0.1327786335,"7":0.1618073746,"8":0.1099992801,"9":0.1022748478,"10":0.2020756712,"11":0.2008424902,"12":0.0664559888,"13":0.0923965991,"14":0.0842714557,"15":0.0765638693,"16":0.179216228}}